Name,Followers
cristiano,462.9M
leomessi,347.2M
kendalljenner,247.6M
arianagrande,321.4M
zendaya,147M
kimkardashian,323.6M
taylorswift,218.2M
kyliejenner,357M
selenagomez,334.9M
thv,46.3M
lalalalisa_m,79.9M
jennierubyjane,68.2M
virat.kohli,206.9M
tomholland2013,67.6M
j.m,38.1M
agustd,36.5M
jin,37.4M
beyonce,267.4M
khloekardashian,260.4M
sooyaaa__,62.1M
billieeilish,104.3M
neymarjr,176.2M
khaby00,78.6M
justinbieber,245.9M
roses_are_rosie,61M
uarmyhope,37.4M
badbunnypr,41.4M
nickiminaj,197.8M
instagram,528.4M
jungkook.97,43M
bts.bighitofficial,66M
iamcardib,137.3M
kourtneykardash,189M
karolg,54.5M
zayn,46.2M
rkive,36M
milliebobbybrown,53.2M
gigihadid,74.9M
jlo,217.5M
kingjames,127.4M
therock,327.3M
adele,50.6M
georginagio,39M
champagnepapi,116.6M
katrinakaif,65.6M
harrystyles,46.3M
mileycyrus,178.2M
eunwo.o_c,29.2M
travisscott,45.8M
ester_exposito,29.4M
robertdowneyjr,53.2M
dlwlrma,27M
actorleeminho,30.1M
narendramodi,68.2M
shawnmendes,69.4M
k.mbappe,72.4M
johnnydepp,26.6M
aliaabhatt,67.2M
oliviarodrigo,27.1M
anushkasharma,59.3M
dualipa,85.1M
dovecameron,48.1M
camila_cabello,64.4M
noahschnapp,24.7M
danbilzerian,32.9M
charlidamelio,48.9M
dojacat,24.2M
chrishemsworth,55.1M
kimberly.loaiza,35.2M
lelepons,49M
iamzlatanibrahimovic,54.6M
mosalah,51.9M
bn_sj2013,22.2M
jongsuk0206,23M
handemiyy,28.5M
niallhoran,30.2M
paulodybala,47.7M
gal_gadot,83.8M
oohsehun,23.3M
realmadrid,121.8M
sadiesink_,21.6M
lilireinhart,29M
chrisbrownofficial,115.1M
fcbarcelona,110M
iamsrk,30M
ddlovato,136.3M
rashmika_mandanna,32.3M
dishapatani,52.1M
songkang_b,14.4M
bellahadid,53.2M
jacksonwang852g7,28.9M
deepikapadukone,67.8M
dannapaola,34.5M
blackpinkofficial,47.7M
haileybieber,45.9M
karimbenzema,55.9M
zacefron,53.9M
antonelaroccuzzo,20M
realstraykids,21.9M
nasa,78.6M
nasa,78.6M
yawnzzn,9.6M
chrisevans,17M
twicetagram,26.1M
priyankachopra,80.2M
ursulolita,24.1M
jenniferaniston,40.7M
hi_high_hiy,14.3M
addisonraee,40.4M
nike,227.6M
finnwolfhardofficial,24.6M
samantharuthprabhuoffl,24.2M
madelame,25.4M
miakhalifa,27.8M
jannatzubair29,43.3M
katyperry,167.2M
meganfox,20.4M
vindiesel,81.7M
kapilsharma,42M
camimendes,27.1M
akshaykumar,62.6M
tyga,35.4M
_jeongjaehyun,12.1M
ladygaga,53.1M
kritisanon,49.7M
hoooooyeony,23.4M
mrbeast,19M
rosalia.vt,20.9M
shakira,75.6M
pewdiepie,21.9M
hrithikroshan,43.5M
madelyncline,12.6M
hazardeden_10,27M
shraddhakapoor,73.4M
vinijr,21.3M
emrata,29.5M
lanarhoades,16.8M
britneyspears,41.6M
maluma,62.7M
beingsalmankhan,53M
luisitocomunica,32.3M
natgeo,232.2M
madisonbeer,31.8M
jacquelinef143,62.2M
garethbale11,47.8M
norafatehi,41.2M
sabrinacarpenter,27.4M
marcelotwelve,57.2M
rohittt_09_,23.6M
jasonstatham,30.7M
thedeverakonda,16M
theestallion,29.1M
theweeknd,40.3M
shahidkapoor,35.3M
elrubiuswtf,17M
annehathaway,24.4M
sydney_sweeney,13.6M
erling.haaland,17.1M
lewishamilton,29M
hegdepooja,20.7M
luissuarez9,44.1M
championsleague,95.7M
433,50.8M
eminem,36.2M
rohitsharma45,24.4M
zkdlin,14.1M
sidhu_moosewala,10.8M
jichangwook,20.6M
jamesrodriguez10,49.8M
na.jaemin0813,9.8M
greeicy,21.2M
emmachamberlain,15.9M
evaluna,20.7M
henrycavill,21.3M
carlinhosmaiaof,25.8M
domelipa,18.9M
saraalikhan95,40.7M
m10_official,24.5M
cznburak,37M
imhyoseop,8.5M
vancityreynolds,44.5M
stephencurry30,44.7M
strangerthingstv,20.5M
justintimberlake,65.5M
feliciathegoat,13M
haileesteinfeld,19.1M
lukamodric10,24.3M
renebaebae,10.7M
do0_nct,10.3M
paulpogba,54.7M
heybiblee,14.4M
sergioramos,52.3M
nattinatasha,35.9M
thinkaboutzu,6.6M
awez_darbar,21.4M
bizarrap,13.5M
nina,25.7M
leedongwook_official,14.6M
_imyour_joy,14M
bambam1a,16.6M
anuel,28.8M
momo,6.9M
momo,6.9M
zidane,33.1M
marshmello,29.4M
hardikpandya93,21.7M
sza,12.3M
zachking,24.7M
anitta,62.9M
liluzivert,16.1M
kartikaaryan,25.5M
louist91,18.5M
nehakakkar,70.4M
iamhalsey,30.1M
thenameisyash,10.9M
davidbeckham,74.5M
marshmello,29.4M
janhvikapoor,17.7M
lilbaby,19.8M
onyourm__ark,9M
bbrightvc,15.5M
serna_amini,9.1M
riaricis1795,31.3M
hannahstocking,22.1M
iansomerhalder,23.1M
somsomi0309,15.1M
mirella,27.2M
iamferv,10M
skuukzky,17.9M
anushkasen0408,38M
kunaguero,23.5M
psg,61.2M
mr_faisu_07,27.9M
larasilva,17.4M
paulolondra,13.8M
winmetawin,13.8M
taeoxo_nct,9.4M
tinistoessel,18.3M
klrahul,12.9M
hero_ft,7.6M
johnnyjsuh,8.7M
carryminati,15.9M
jessicah_o,12.1M
samoylovaoxana,15.2M
colesprouse,36M
tigerjackieshroff,35.4M
m.by__sana,6.3M
holyhaein,10.2M
manurios,11.1M
mina_sr_my,5.6M
juandediospantoja,22.3M
rauwalejandro,15M
luvadepedreiro,15.3M
ronaldinho,67.4M
avneetkaur_13,32.3M
xeesoxee,9.3M
daddyyankee,45.8M
iambeckyg,32.8M
xxxibgdrgn,21.2M
ileana_official,14.9M
taeyeon_ss,18.7M
sunnyleone,53.1M
soohyun_k216,13.7M
keniaos,13.6M
maisa,44M
vickykaushal09,14.1M
riyaz.14,27.3M
sachintendulkar,35.1M
layzhang,14.2M
varundvn,43.2M
trippieredd,13.1M
clean_0828,8M
nayeonyny,6.6M
angelrai07,20.5M
chaeyo.0,5.8M
liampayne,24.4M
lomon991111,5.7M
psg,61.2M
hi_sseulgi,12.5M
charlieputh,16.5M
ashishchanchlani,14.6M
iammichelemorroneofficial,14.9M
_zyozyo,5.5M
anguscloud,8.2M
shaymitchell,33.8M
kiaraaliaadvani,24.3M
krisjenner,48.9M
perrieedwards,15.5M
yaocabrera,14.7M
tenlee_1001,9.8M
min9yu_k,6.9M
alexandradaddario,22.6M
alidaei,9M
gatenm123,17M
yaocabrera,14.3M
_rl9,26.8M
bighit_ent,13M
kimjuncotton,10.3M
whinderssonnunes,58.6M
jy_piece,4.8M
imsebastianstan,9.4M
therealcalebmclaughlin,14.2M
nct,14.4M
yuu_taa_1026,8.4M
m_kayoung,8.3M
yellow_3to3,5.9M
_mariahwasa,8.2M
rudeth,6.5M
mont.pantoja,12M
mariaalice,7.3M
enhypen,10.5M
realbarbarapalvin,17.9M
marktuan,12.8M
maudyayunda,16.9M
bretmanrock,18.4M
elrodrigocontreras,12.9M
nct127,14.1M
wwiinn_7,7.3M
lizasoberano,17.3M
bellapoarch,14.1M
bhuvan.bam22,14.8M
txt_bighit,12.5M
dahhyunnee,5.3M
jamescharles,22.9M
taehyung.bighitentertainment,10M
postmalone,22.4M
ssinz7,13.7M
o.dembele7,10.9M
ranveersingh,40.1M
jinyoung_0922jy,9.9M
luisasonza,29.5M
bellathorne,25.4M
ksi,11.6M
kevindebruyne,18M
marvel,65.4M
arigameplays,11M
fedez,14.2M
prattprattpratt,37.4M
itzy.all.in.us,17.2M
lestykejora,25.7M
jbalvin,52.8M
kehlani,14M
manchesterunited,59M
peytonlist,20.2M
wi__wi__wi,10.1M
dixiedamelio,25M
vinniehacker,5.8M
madhuridixitnene,32M
mathildtantot,10.2M
keerthysureshofficial,13.4M
ibaillanos,7.8M
easymoneysniper,13.1M
michelleobama,50.3M
ross_lynch,10.2M
attahalilintar,23.9M
lizgillz,14.1M
cbum,9M
hassan_reyvandi,19.5M
nicki.nicole,12.2M
demirose,19.9M
natashawilona12,38.9M
lexibrookerivera,8.5M
thebursin,10.7M
imouniroy,23.9M
yasmine_sabri,19.4M
kevinhart4real,148.8M
sidmalhotra,19.9M
sommerray,26.5M
brunamarquezine,43.1M
miguel.g.herran,14.1M
louispartridge_,7.6M
pubity,31.8M
taina,16M
alok,27.7M
camilo,27.5M
alwaysramcharan,8.1M
lilyjcollins,27M
lilnasx,12.5M
sportscenter,31.3M
phil.coutinho,25M
thenotoriousmma,45.8M
ms_puiyi,18.7M
mo.on_air,4.9M
nickjonas,32.9M
hyunah_aa,18.1M
todayis_wendy,6.9M
weareone.exo,10M
lildurk,13.9M
hunterschafer,7.3M
sadiomaneofficiel,11.6M
9gag,58.2M
for_everyoung10,5.1M
caradelevingne,43M
euphoria,7.9M
saweetie,13.2M
daquan,16.8M
i_m_hendery,6.2M
darshanravaldz,15.3M
jadepicon,20.7M
barbieferreira,6.3M
i_m_hendery,6.2M
darshanravaldz,15.3M
kyo1122,13.3M
barbieferreira,6.3M
rakulpreet,22.1M
leaelui,11.6M
simoneses,34.8M
marvelstudios,37.4M
angeldimariajm,17.9M
juliette,33.7M
mingue.k,5.8M
obj,16.2M
goar_avetisyan,11.6M
yerimiese,10.7M
demetozdemir,15.3M
burakozcivit,21.6M
gururandhawa,32.8M
dntlrdl,6.5M
yangyang_x2,6.4M
rachel_mypark,10.2M
parishilton,19.6M
jhope_bighitentertainment,7.9M
evcenf,13.2M
iynemliarasbulut,10.3M
yejinhand,6.9M
jin_bighitentertainment,8.2M
thibautcourtois,10.7M
kun11xd,6.7M
sonamkapoor,33.1M
_shotaroo_,5.4M
raphaelvarane,19.1M
pugachevmark,14.1M
shehnaazgill,11.6M
thenewclassic,16.4M
vanessahudgens,46.4M
mariabecerra,9.8M
jennaortega,8.2M
aron.piper,13.9M
_seorina,6M
teddysphotos,39.5M
larissamanoela,46.1M
paulwesley,12.3M
djxiao_888,6.9M
parineetichopra,37M
romeosantos,19.2M
duki,10.1M
conangray,6.4M
jessnolimit,7.3M
k.kbeom,5.3M
chiaraferragni,27.5M
nadin_serovski,9.4M
adamweitsman,17.5M
anupamaparameswaran96,12.2M
superstar_dewasi99,12.6M
offsetyrn,19.9M
angeldimariajm,17.7M
juanpazurita,29.8M
antogriezmann,36.4M
jungkook_bighitentertainment,9.5M
ana_d_armas,7.1M
dkharbour,8.5M
ldh_sky,5.6M
aboflah,7.4M
polo.capalot,10.5M
zefelipecantor,24.6M
yuyacst,17.2M
fuji_an,11.8M
anahi,9.8M
kingbach,22.7M
yoona__lim,13.5M
gianlucavacchi,22.4M
xavi,9M
anjimaxuofficially,11.5M
khabib_nurmagomedov,33.5M
jimmyfallon,22.4M
gusttavolima,43.8M
julesleblanc,9.7M
ananyapanday,23M
nickyjam,43.4M
travisbarker,7.6M
nikefootball,45.2M
juansguarnizo,5.9M
thehughjackman,30.5M
c.syresmith,19.1M
itsmarziapie,8.3M
jailyneojeda,14.2M
yooncy1,4.9M
gioewbank,28.4M
indiancricketteam,24.6M
yugyeom,11.4M
deiveleonardo,11.7M
urvashirautela,53M
aliiiiiiiikarimi8,9.4M
fabriziorom,8.6M
sanchooo10,8.6M
joeyking,19M
nianaguerrero,14.2M
hshq,6.3M
lacasadepapel,12.8M
fcbayern,33.3M
choi_seung_hyun_tttop,14.3M
vousmevoyez,10.3M
pefabiodemelo,25.7M
rahulkl,12.3M
donya,15.2M
sav.labrant,7.1M
abdevilliers17,18.4M
arishfakhan138,29.3M
liamhemsworth,13.1M
iscoalarcon,24.9M
jimin_bighitentertainment,8.8M
lucasranngel,19.8M
dear.zia,3.7M
hakkiakdenizz,23.5M
dra.deolanebezerra,14.4M
jokowi,47.4M
nusr_et,46.9M
fortnite,25.9M
loud_victor,10.7M
cvillaloboss,20.1M
dylansprouse,9.2M
melissamelmaia,12.9M
sofiaalcastro,8.8M
litkillah,7.9M
21savage,13.5M
amitabhbachchan,30.7M
maya_hawke,7.3M
tatawerneck,53.6M
viihtube,23.5M
hm_son7,7.4M
davido,24.6M
leonardodicaprio,54.2M
bernardokath,17.3M
chloegmoretz,21.1M
wizkidayo,14.9M
melo,9M
jimena.jimenezr,5.8M
gessicakayane,20M
andreavaldirisos,8.6M
joaogomescantor,12.8M
quavohuncho,21.4M
travisbarker,7.6M
caviarmagnat,15.1M
suga_bighitentertainment,7.6M
pablogavi,4.7M
netflixbrasil,31.8M
ridwankamil,18.4M
beautifuldestinations,24.7M
angelinajolie,13.2M
corinnakopf,6.7M
angelinajolie,13.2M
asabopp,5.8M
naileadevora,5.2M
lizakoshy,20.1M
marimaria,20.1M
ronaldo,23M
gisele,19.4M
liverpoolfc,39.5M
nehasharmaofficial,14.6M
marcusrashford,12.8M
golfarahani,13.4M
fuckjerry,16.8M
nazriyafahadh,6.1M
kyrieirving,16.9M
xsqueezie,7.9M
actorsuriya,4.9M
easportsfifa,26.7M
nessabarrett,7M
trentarnold66,7.6M
madisonbaileybabe,6.7M
jackharlow,6.7M
victoriajustice,22.7M
amauryguichon,9M
phoebejtonkin,8.4M
vanessamorgan,9.5M
smriti_mandhana,6.2M
shreyaghoshal,24.4M
achrafhakimi,9.9M
aleoliveiracm,8.4M
xuminghao_o,4.9M
nita_shilimkar,11.3M
jeromepolin,6.9M
sound_of_coups,3.9M
aishwaryaraibachchan_arb,10.4M
emiliamernes,6M
geewonii,7.6M
markiplier,10.4M
jairmessiasbolsonaro,20.2M
loganpaul,23.3M
klaythompson,12.9M
malutrevejo,11.6M
virgilvandijk,12.3M
frenkiedejong,10.6M
karelyruiz,6.4M
ciara,32.3M
joshu_acoustic,4.2M
actorprabhas,8.6M
avani,18.9M
jensenackles,9.6M
jaybnow.hr,6.9M
jensenackles,9.6M
jaybnow.hr,6.9M
missasinfonia,5.4M
mattyperry4,7.9M
__youngbae__,13.4M
zoeisabellakravitz,8.5M
premierleague,57.9M
catherinemcbroom,7.4M
nehasharmaofficial,14.6M
ridwankamil,18.3M
kit.connor,4.3M
toni.kr8s,34.2M
memezar,23.4M
dew_jsu,6.1M
amadorat,8.2M
urstrulymahesh,8.7M
xuminghao_o,4.8M
theslumpgod,5.4M
tiffanyyoungofficial,12.3M
juventus,54M
iam_linyi,3.9M
angeliqueboyer,14.2M
pozevidalouca,7M
narins_beauty,9M
bhadbhabie,16.4M
otabek_muhammadalievich,20M
sushitrash,6.3M
djsnake,9.5M
kareenakapoorkhan,9.4M
dindahw,14.5M
chrismcg,10.6M
aslisona,23M
f1,19.8M
davidalaba,10.1M
haifawehbe,10.1M
zo,14.2M
felipeneto,16M
jaspritb1,9.8M
maudeapatow,4.9M
taylor_hill,19.9M
regejean,6.3M
anupamaparameswaran96,12.2M
vikkialchester,11M
simonettalein,11.5M
troyesivan,13.2M
alvxaro,9.7M
paulwalker,15M
amandacerny,24M
yamigautam,16M
candiceking,9.9M
snoopdogg,74.6M
thiago6,9.6M
toni.kr8s,34.3M
egorkreed,14.7M
amybethmcnulty,7.3M
charles_leclerc,8M
avengers,13.5M
dbook,5.4M
l7nnon,8.1M
faz3,14.4M
kentooyamazaki,5M
alishalehmann7,7.8M
yamigautam,16M
machinegunkelly,9.7M
davikah,16.9M
blythe,13.5M
kingryan,8.9M
sthefanematos,9.9M
_agentgirl_,18.6M
riyadmahrez26.7,9.1M
ler_chek,10.4M
arthuraguiar,13.9M
harshbeniwal,5.6M
youngdae0302,4.4M
sugaringcandy,2.5M
casemiro,15.9M
jojotodynho,22.5M
srinidhi_shetty,4.2M
amin.hayai,9M
dylanminnette,7.4M
djsnake,9.6M
aliandooo,16.7M
mclomaofficial,8.1M
ewsbdi,4.5M
pokimanelol,6.1M
emmaroberts,18.1M
lucyhale,24.5M
stebinben,10.6M
juki_lop,9.4M
alfinetei,21.7M
centralcee,3.7M
syifahadjureal,15.4M
d_degeaofficial,13.5M
elmarianaa,3.8M
calumhood,7M
coolio_daryl,5.9M
willyrex,8.7M
liltjay,7.4M
floydmayweather,28.4M
georgenotfound,3M
onwardwanna,5.6M
milad_khahhh,6.5M
angela_aguilar_,8.7M
kaliuchis,3.9M
joaoguilherme,16.1M
harshbeniwal,5.6M
salmahayek,21.5M
rezagolzar,12.2M
acunilicali,13.7M
lacikaysomers,12.2M
karna.val,7.3M
arsenal,22.2M
anas,5.7M
saipallavi.senthamarai,5.9M
nct_dream,10.2M
violets.tv,13.9M
tohi,12M
rodridepaul,4.8M
maneskinofficial,6.1M
wanda_nara,13.6M
perspolis,8.1M
grisha_eric,12.4M
miamalkova,11M
nba,69M
gima_ashi,14.6M
burcuozberk,9.3M
everyone_woo,2.9M
egupta,8.7M
jennifer.garner,13.3M
normani,7.3M
03_hu,4.2M
mrancelotti,8.4M
jorgelopez_as,9.6M
huddy,11.7M
kenzie,14.9M
f1,19.9M
staskaranikolaou,11.1M
saharghoreyshiofficialpage,11.6M
beberexha,10.8M
dqsalmaan,10.6M
soyneiva,11.9M
tamannaahspeaks,17.2M
dava_m,13.6M
nodal,9.4M
vanessabryant,15.6M
littlemix,16M
issavegas,9.1M
iqbaal.e,13.5M
fadiljaidi,7.7M
briandadeyanara,13M
avrillavigne,11.4M
rafaelnadal,15.6M
dearra,6.3M
courteneycoxofficial,12.2M
superm,5.2M
tamerhosny,22.7M
valentinazenere,10M
maddieziegler,13.9M
canelo,13.4M
vernonline,4.1M
veradijkmans,5.4M
willevy,10.6M
natalee.007,7M
indiaroyale,4.3M
sebastianyatra,29.7M
yefersoncossio,9.5M
nabilla,7.7M
andresiniesta8,39.7M
spacex,15M
letthelordbewithyou,27.3M
soueunavida,18.1M
tiagopzk,5.1M
la_beaute_africaine,1.6M
alvaromorata,17.4M
ansufati,8.7M
joelocke03,3.1M
dagelan,20.9M
bumkeyk,9.2M
tombrady,12.5M
streetartglobe,17M
nobru,13.5M
philfoden,5M
brycehall,7.3M
kaka,18.7M
adidasfootball,31.5M
asala,6.9M
theamitbhadana,8.4M
yg_treasure_official,5.4M
brfootball,12.4M
jenna_chew,6.7M
cocielo,18.7M
hyeri_0609,7.3M
netflix,30.4M
sagar_pop02,7.5M
skaijackson,8M
dejesusoficial,17.5M
kawtarbamo,7.4M
roddyricch,6.9M
barackobama,35.4M
dhanushkraja,4.4M
bowerjamie,3.8M
galatasaray,11.5M
tomhardy,8.7M
pooorblack,4.6M
tejasswiprakash,6.1M
larray,6.8M
princessyahrini,39.6M
celestinegonzaga,7.6M
nicolebahls,18.3M
noahbeck,9.2M
jordialbaoficial,14.5M
teyanataylor,15.2M
residente,8.8M
sivakarthikeyan,5.1M
wolfiecindy,7.1M
canelo,13.4M
juliopfernandez,3.5M
urassayas,11.8M
loud_babi,9.1M
aurelie.hermansyah,26.6M
watanabenaomi703,9.9M
sandrinna_11,10.7M
irinashayk,18.8M
pledis_boos,4.1M
jessicajane99,6M
soydannyalfaro,8.1M
wdohwan,4.5M
albafloresoficial,11.7M
borodylia,18.4M
markruffalo,20.9M
adinross,3M
anwar,10.3M
iampauloandre,10M
mirandacosgrove,9.9M
nikitadragun,9M
alexis_officia1,14.1M
sophiedee,12.3M
arsenal,22.2M
marcoasensio10,14.5M
elliotpage,6.1M
theellenshow,123.7M
dudewithsign,8.1M
jamorant,7.4M
josephquinn,2.5M
saythename_17,9.6M
ludmilla,27.4M
nidhhiagerwal,24.3M
anirudhofficial,6M
kto_takaya,7M
you_r_love,5.5M
dudewithsign,8.1M
saythename_17,9.6M
ludmilla,27.4M
nidhhiagerwal,24.3M
anirudhofficial,6M
kto_takaya,7M
you_r_love,5.5M
kikakim,6.9M
chelseafc,34.8M
luara,15.9M
filiperet,6.8M
subo_m,9.8M
rogerfederer,9.6M
belindapop,15.5M
miketyson,19M
sonu_sood,14.4M
sinavaliollah,7.3M
jamorant,7.3M
priyankaamohanofficial,3.2M
massafera,25.3M
bleacherreport,19.3M
lizzobeeating,12.7M
raashiikhanna,8.5M
toniruediger,4M
fernandasouzaoficial,22M
fedeevalverde,6.3M
pledis_boos,4.1M
mohanshakti,16.2M
gabigol,9.9M
rebelwilson,11.3M
aidanrgallagher,7.5M
friends,11.9M
iamyanetgarcia,14.8M
vanessalopesr_,11.7M
funnymike,8M
ahmedabohashima,15.7M
min.nicha,3.7M
39saku_chan,3.6M
bclsinclair,21M
humansofny,12.1M
dk_is_dokyeom,3M
mariapedraza_,12M
ms.sethii,6.5M
nazormaya,3.5M
galatasaray,11.5M
arashi_5_official,4.4M
francinyehlke,15.4M
lucianohuck,20.4M
xbox,12.8M
jadenhossler,4.6M
leighannepinnock,9M
alexisren,16.6M
i_nivethathomas,6.1M
streetartglobe,16.9M
tontawan,3.7M
serenayss,9.4M
alexadellanos,9.4M
gildovigor,15.1M
dance_malyshka_offi,3.5M
oprah,21.3M
jadethirlwall,9.3M
mterstegen1,13.5M
madonna,18.4M
karrrambaby,4M
sincerooficial,21.5M
coldplay,16.6M
tommyinnit,3.5M
vicdeangelis,3.7M
kaylanicolejones,7.5M
mahnaz_afshar,16.3M
eda.ece,6.5M
ateez_official_,6.8M
wizkhalifa,38.4M
dean.schneider,10.1M
hazalkaya,7.2M
sooyoungchoi,7.1M
therealjosephmorgan,8M
isaias,9.2M
rossbutler,10.4M
jackblack,8.8M
tammyhembrow,15.3M
themermaidscales,6.6M
dababy,21.2M
theshilpashetty,26M
adamsandler,13.4M
elcinsangu,8.5M
kashikakapoor09,8.1M
jessica.syj,10.7M
esbilgic,7M
imcryansp,4M
acunilicali,13.7M
canyaman,9.8M
eilirjani,10.3M
jeremyrenner,17.8M
felicyangelista_,21.5M
grefg_official,7.4M
cole.labrant,5.1M
e_milygarcia,11.2M
jharden13,11.6M
samsmith,14.6M
kashikakapoor09,8.1M
ncentineo,16.8M
valeyellow46,13.9M
pharrell,13.9M
joshrichards,6.9M
rubyrose,19.7M
sabinahidalgo,4.7M
hitocaesar,13.6M
romeestrijd,7.7M
wikkiofficial,2.6M
apple,27.8M
divyankatripathidahiya,20.4M
hadise,13.8M
realhinakhan,17.2M
krithi.shetty_official,3.5M
dorra_zarrouk,15.8M
roberto_firmino,13.6M
alvaromorte,12.2M
wilbursoot,3.1M
warriors,24.8M
jacksepticeye,7.9M
hank_says_hank,3.2M
bypamella,9.8M
raashiikhanna,8.5M
pandorakaaki,7.3M
jenniferwinget1,13.1M
nadine.nassib.njeim,15M
shahinsamadpoor,4.5M
julienco_,6.3M
allusnehareddy,8.2M
voguemagazine,39.6M
ho5hi_kwon,3M
melissabenoist,4.8M
barstoolsports,13.9M
piyanka_mongia,8.8M
5sos,10.1M
jxxvvxxk,3.4M
lynaritaa,9M
tomo.y9,5M
wayvofficial,7.3M
supremo_dp,5M
jaredleto,10.9M
thariqhalilintar,7.4M
ferozekhan,6.6M
garciajoshuae,5M
nimratkhairaofficial,8M
hanhyojoo222,4M
memphisdepay,15M
arminzareeiofficial,9.8M
noorstars,13M
