Account,Subscribers count
billieeilish,41600000
badbunny,13400000
chipmunksoftiktok,11400000
charlidamelio,135400000
yessicadcs,263700
therock,49700000
the_pruld,433300
lukedonkin,2000000
mastertingus,1300000
txt.bighitent,15300000
besttoks,1800000
machinegunkelly,3200000
jenniferkershner,12500
noahschnapp,20100000
bdylanhollis,6400000
fisherbenny,3700000
sylvaniandrama,1800000
iamferv,24600000
mercyfno,404500
userbigbabywithdaoil,601800
bellapoarch,87900000
jacobwitzling,236000
karna.val,22400000
kimberly.loaiza,59000000
parthpatel___,179600
enhypen,10100000
jasminechiswell,14700000
khaby.lame,131100000
y_chun,1600000
miakhalifa,31800000
domelipa,48500000
deepins,16600000
kennethkaas,102500
swagboygorringe,4500000
official_nct,7000000
jao,1100000
kjsmoothh,2000000
loganpaul,14000000
pongamoslo_a_prueba,28100000
nei.okey,9700
bintangemontersenyum,982600
mero_428,1300000
zeth,10600000
addisonre,86500000
savanahmosss,8600000
kaliandarie,327000
nilered,8400000
.raquel_e,717700
mackenzieziegler,22000000
kimandnorth,5700000
kimandnorth,5700000
druskitv,3000000
nicolebernaal,3400000
alexisomman,9000000
trungruoi93,1900000
the_trickstars,1600000
os.sksk,3200000
alexitoxedits,1900000
soysuco,8000000
evcnoble,9400000
nekoglai,8800000
evlawler,4600000
ahw5d,2500000
axelwebber,4100000
madison.darwin,50500
strangehumano,7600000
alexschlab,997700
masonramsey,1800000
connordewolfe,5100000
drewafualo,5700000
johnnysins,6900000
fujiiian,10300000
willsmith,65600000
jdpantoja,25700000
thongsoaicavip,873900
vhackerr,13500000
fadiljaidi,6900000
seventeen17_official,3700000
sucss.s,9200000
usnan_tanong,16000
adrianbliss,4600000
deborahyowa,6600000
stephaniebeatriz,1000000
candrasptr_,494000
mycaninelife,134000
vinnyguadagnino,2700000
nguyenphucloi30,1000000
tydollasign,576600
vanessalopesr,19300000
tifannylm,7500000
lelepons,26200000
mynamsissihab,730400
jakefellman,12000000
thoriqhal,3300000
adinross,4600000
kallmekris,42600000
isaiahgarza,7300000
lyrico__,2800000
00h.88m,2500000
pinchulli,2100000
soydekko,4400000
thebenjishowfr,5200000
thelivingtombstone,1200000
_monaalawi,11200000
uncletics,3700000
soojinicoreana,16500000
agc.andy,2400000
dima_maslen,4500000
girlsontop_sm,1000000
nicocaponecomedy,18900000
mrbeast,32900000
selinamichelle96,20500
billlnai,8300000.000000001
give_my_oscar,862100
piperrockelle,8199999.999999999
amauryguichon,2500000
sofarsabi,5100000
joaoguilherme,6300000
c4tluvr666,2200000
zachking,67099999.99999999
ayesebastien,7000000
jake2r,1800000
murda10k,1800000
itssassagurl,4600000
gingerbilly1,5600000
beniju03,2100000
madisonpettis,2500000
dixiedamelio,57000000
elrodcontreras,39300000
qamar_altaey,2500000
jennmelon,1800000
nourmar5,14200000
jaykindafunny8,22300000
itsjulia.a,16700
spencer_serafica,11800000
angelaaguilar_,8100000
pkllipe,15700000
hayleygeorgiamorris,2700000
twice_tiktok_official,13200000
lexibrookerivera,20500000
theandrewschulz,2100000
kallmewhateveryouwant,10600000
larrayeeee,25500000
anaraquelhz,2600000
mr_paul.boy,6700000
connoralik,7400000
unkabogableviceganda,8199999.999999999
ivanzolo2004,3400000
charlieputh,15400000
fayx.lct,2900000
thecoreyb,8300000.000000001
liquidverve,1100000
lai8747,1800000
max7424453118,2800000
bella.k.hadid,4000000
bayashi.tiktok,19300000
virginiafonseca,29100000
pigpongyt,2500000
halsey,4099999.9999999995
com.yuta0305,960300
aliprasetya6,6400
joshiiwuhhh,3000000
yesikanoemitamayo,936200
eyavanana,8700000
arigameplays,18000000
thallyssonsb,7700000
jamescharles,35700000
kervo.dolo,4600000
tombrady,3300000
thealpharaid,175500
luxurydark,1300000
mdmotivator,5600000
christianfabiannn,11100000
trainee_a,2200000
mikaylahau,4099999.9999999995
mieayamthebstt,12300000
shayrudolph,2700000
louflores_,2600000
charlidameilo,1400000
01ayres,5500000
samkamusic,11700000
tararistic4,607400
ferchugimenez,3400000
aliciacastro___,2300000
mkbhd,1300000
angryreactions,25500000
joaoumdoce,1900000
brittikitty,10900000
adifishy,2300000
hannahstocking,25600000
shindonggg,1600000
luelvesfelix,4000000
aviranisha,2800000
itskeyonn,572400
lindseyjswyatt,1900000
samseats,8600000
lachama4_ff,7500000
siennamae,13800000
prillylatuconsina15,6000000
itsmenicksmithy,5100000
emilen_im,4000000
abir.sag,9200000
ynchq,3000000
christiankesniel,2100000
bittersweetbynajla,4300000
theovon,1300000
abbieherbert,11500000
yesimresmi1,15800000
asasteinars,352800
thesupercole,21900000
sergioramos,9200000
cerolzera,3800000
taniadulce1,2900000
yns_btray,603700
yungdaddycack,615200
caleb.finn,14700000
history.war,3000000
user4350486101671,16100000.000000002
mang_ari8450,3500000
jaimeonod,926300
iamjonathanpeter,12200000
mmmjoemele,20400000
gritside,3300000
keniaos,13300000
hoaa.hanassii,9400000
jamesmaddison,1200000
williesalim,7000000
maxtaylorlifts,7100000
championsleague,8700000
imdopemar,3400000
ndn2307,4200000
colleen,8600000
nessaabarrett,17800000
blythe,16700000
sunduk91,1700000
oliviagobrien,1400000
arroncrascall,4300000
tooturnttony,14500000
daregularsauce,839500
arfaytb,249300
joaoferdnan,7100000
ser_jay,4400000
maiaknight,7200000
xpersss,599700
trevorwallace,6900000
p0_2,1300000
i_am_doshik1,18300000
francoescamillaofficial,10900000
honeybobabear,7200000
jackjos3ph,2300000
nikkietutorials,4800000
cellat36,8100000
claragnds,15200000
ericfinchofficial,2700000
jbdjebb,810000
basechkaa,107900
ya_gazdanova,3000000
rud.petruchi,178300
vhongx44,5100000
jeffthekiller_xd1,592800
antonioslimgovea,7100000
rayssabuq,5000000
josh.zilberberg,2500000
tommyinnit,11200000
thesierracapri,2200000
yailinlamasviraloficial_,1800000
neildegrassetyson,3800000
dovecameron,7300000
pollerocho,2600000
bretmanrock,13900000
thee.marlie.b,1700000
sabrinacarpenter,11700000
andcarli,4000000
its_darcilynne,3900000
artbydemarcusshawn,5800000
limeu,615600
official_kep1er,2800000
rodezel,1200000
willuzi,1200000
junya1gou,41300000
rachaeloneil,907500
jacksepticeye,3600000
daniel.khosravi,3200000
hmg....4,1700000
hannahowo6669,5400000
jdiasss_,6800000
flavinhalouise,9900000
edgardumali,7400000
mensagensprclaudioduarte,1600000
jombospice,6700000
belinaysandikci,1000000
danielarodrice,9600000
laurahfritz,2400000
whoamirony,293000
iamcindymiranda,350800
lizzo,21000000
sonyakisa8,16000000
fadlyfsl_,2100000
astrofalls_,1500000
nianaguerrero,29600000
lisav_,1800000
michou_yt,6300000
siscakohl,10000000
fabru_blacutt,16200000
wenniedapoo,313200
ratuauliaa22,11600000
chamberlin_kevin,8199999.999999999
oppomexico,290100
ayuwisya666,1500000
com.yuma1214,746400
dilanjaniyar,1500000
shabdanovaaa,640500
slavamarlow,3600000
jahdedios.77,795300
cesarpantoja.n,12000000
alexwaarren,14800000
onlyjayus,17100000
brentfordfc,762600
codenamejesse,1300000
h2woofficial,4900000
misskatiebug,820100
_tusya_kiskis,5600000
jasonderulo,51300000
brandonspam_,6800000
brentrivera,42400000
ilusha_help,4300000
cbum,1400000
alaa.ayyman,7400000
marinemammalrescue,1500000
phamvinh99,2400000
anisatcheba,779600
thefatkage,652700
jack.wright,10200000
baraa.bolat,1100000
lights.are.off,18100000
pandkourt,3000000
chang._.a,20300000
itsmatheuscosta,4099999.9999999995
juliagisella,10000000
notshanebennett,2000000
39jeshi,2100000
emillyvickof,8800000
haileybieber,7400000
robegrill,9600000
diegodiego_,6900000
nicollefigueroaa,9100000
danythegaggio,2600000
klrdubs,6200000
benoftheweek,10000000
cemresolmaz,10100000
jimena.jimenezr,22600000
carolcastromx,7900000
kalebkonig,1200000
gemeasdafer,2200000
montpantoja,31600000
scottkress_,2700000
com.yamato0515,1600000
imshawnsutton,4600000
vadim_rush,2800000
jakepaul,15900000
barbaracoura,7300000
lucaluceofficial,1600000
afrae.es,5700000
_bangtanbtss_,3700000
_dirtyelbows,5600
maharanikemala,3000000
leeansalinass,898300
iben_ma,5100000
theonlycb3,5000000
sehataqua,172600
divabry,2700000
efdewee,5900000
murat_yilmaz87,964900
kaan.etm,2500000
betel70,524500
jake.mutch,589100
robsonabreu,2900000
jeison_giraldo,23900000
gemelasabello2,12000000
miketoks,10600000
nobrutv,7800000
reba,2400000
mndiaye_97,14100000
king.science,12700000
ana_eusse,9600000
___nicoichi___,1100000
leaelui,16800000
oironyoliveira,5600000
beasteater,17400000
alejandroppuente,351700
chris,6400000
stephen_benihagan,8700000
milos.guzel,4700000
greeicybaila,8000000
cocinaconcoqui,1600000
gustavomeloof,4400000
mariajosegi,1400000
donday,3900000
joslum,10300000
magicnonik,2200000
thetortoisewhisperer,5300000
sammy_dao222,2200000
dementekovacs,2000000
ahmdpubg,206600
koolkuntkaz,282500
anokhinalz,33500000
murphslife,3700000
jaywheeler,4600000
skaijackson,19500000
marianna.balsamo,1300000
lucaslopezvilet,2400000
twohottakes,2600000
farhakhalidi,1200000
egorkreed,11800000
zoekanolnot,1400000
itsmenicksmithy2,8400000
jojohfsex,1200000
zusjeofficial,6900000
simplesmentenoix,6100000
lupillafran,398800
otakoyakisoba,13300000
wren.eleanor,16800000
soylamorena,6000000
kikakiim,27700000
azizxj,866800
renpc_,2500000
maxthemeatguy,3200000
fishingarrett,1900000
pandasakha,3000000
internetfunny,1900000
larissagloor,2000000
rug,8700000
kulinaria.recetas,2200000
steven_he,4400000
gabifaye,10200000
matheuskriwat,9300000
frontal,945500
kbandkarla,758100
dylanswagmoney,5000
ashkaashh,2400000
yourdogsbestfriend,697200
cerenyaldz,9000000
cyrusdobre,9500000
juaniquilador,7300000
vincentgiganteee,2000000
mattcolbo,211400
emiliamernes,2000000
initiaraandini,3700000
coleandersonj,1100000
la_lerma,10900000
niti3_,1500000
stellajero16,1000000
willikatiana,2800000
fedevigevani,12100000
edmatthewstokky,528000
brawlstars,3700000
cierraramirezofficial,1200000
ramizeinn,13300000
la.maraaa,5600000
joejonas,4900000
riaricis,24700000
pacodemiguel,6200000
lglinh138,32600
naple_13,187400
anardreams,14300000
machikayt,11600000
alena_sahnova,12000000
doge_g,292500
calebcoffee,10300000
rosalia,15600000
frankiefictitious,1100000
thinhung99,5600000
judiitharias,15400000
nazdej,7300000
nick.digiovanni,8199999.999999999
itayvargas,17200000
damedamian,4200000
morimura,5800000
lgndfrvr,15400000
dababy,6500000
jaxwritessongs,8100000
ava_love33,2600000
francis.bourgeois,2200000
charlyokei,3500000
oli_natu,7200000
myggglf,186800
oblomoffrecipe,4900000
interesting.thingsz,3700000
yefersoncossio,10300000
elinaageeva,1800000
official_eudy,6900000
dez.thelez,2700000
theevaelfie,3600000
hotramyun,669000
ryanbakery,996800
joesantagato,1300000
priimoraa,12300000
tunico80,5200000
boywithuke,3400000
jacobsutherland,346800
mimiermakeup,13100000
infinite,7000000
payton,15300000
asyrafjamall,1900000
matheusevitoriaofc,6400000
veydi_rush,7600000
fedez,5100000
wasyanka,2200000
augustogimenez,11400000
anggun_mans,12900000
jigpx,4900000
dillajaidi,989600
_vincealarcon,5500000
rubentuestaok,9600000
romanlolo,702700
sibenitoo,4400000
larrywheels,1400000
qwer_roblox2,10700
xobrooklynne,10700000
sveta.marcel,3500000
madelineaford,1500000
djsandyremix,175700
jarvali,2100000
monika.kociolek,2500000
hellmanretailgroup,4099999.9999999995
jrayssaleal,4400000
ugolord,4900000
antrobo10,337100
dermdoctor,12600000
zakuryy,288300
nicholas_crown,1300000
lukman_nj,3300000
leidys_sotolongo,11200000
bsnano1,11300
dagibee,1000000
jensjulius_tejlgaard,440300
lourdasprec,8500000
gianlucavacchi,21400000
garyowencom,1900000
itsizail,4700000
anthonnyswagg3,8100000
carloscastroes,10100000
suavexavier,10500000
cos_s1,22300
kkarrrambaby,14000000
leanadeeb,3500000
gabimfmoura,7000000
ox_zung,39100000
gb0012,1700000
laurathesimp,706400
barisresmiii,11500000
ikendrena,6700000
joshrichards,25600000
adamw,15400000
tylerashtonn,4000000
preppyclaws,2700000
hasanmucci,1600000
littlejem4,1800000
rockstar.bosa,1800000
nabela,7200000
rawanfahmii,3300000
faryanggaa,3700000
gordonramsayofficial,30900000
danivallem,3300000
louuuyoung,467600
gorowok21,352800
thatlittlepuff,22900000
milaalawiyah,3800000
nattinatasha,14300000
los_escachaitos,2600000
annaxsitar,11500000
kingsalmanan,828500
raulbazanm,4200000
lexychaplin,2900000
lucasvarelaaaa,2300000
mariabecerra_22,5600000
jailyneojeda,16600000.000000002
khonpetch56,3100000
magaly.rds,495600
crisdevilgamer7,4200000
lizzy.schneider,243300
agelo_9,536200
volvydooya,650300
katkatyeah,908200
datvilla94,3700000
superjekitaa,2900000
ianboggs,10200000
emilymariko,9400000
lossiblings_,22000000
beca,20900000
schrodingerlee,1100000
owen.han,915400
apple,1200000
avani,39700000
ajravsss,8000000
tootymcnooty,6600000
dustinvogelbacher,624200
rachsullivan__,1000000
linhkool1993,4200000
420althea,1200000
lonely.moods,354500
yamandihati,267700
cauamacedo,10000000
mattiastanga,2200000
annemarie,6200000
_nch04,4600000
r.rikiansyah,1900000
rudy_willingham,4300000
bikedasher,903100
rauwalejandro,8000000
thatrachelharper,461200
jonata_26,3300000
luancarvalhosc,159800
outofcontextskyrim,72400
wuesilva,10200000
karll9_,755400
yimotapir,3200000
na_xapaktepe,3900000
kristenhanby123,9500000
borisao_blois,2900000
duolingo,2900000
marxff_,987300
popokbolong,1600000
jimmydarts,5400000
pes_strange,8500
teddycollects,194200
moni_lina,14300000
soysuco_ff,3400000
casaltoxico,5800000
nada_m7amed,5500000
lynaperezxo,8000000
daveardito,8199999.999999999
kokoobetz,493500
oldtimehawkey,4800000
babehojol,1200000
somi_official_,5500000
ivanovik.83,172700
avanireyes,3800000
4yilol,34800
lorengray,54400000
countingschleeps,2000000
eddievr,9000000
acrylics.baby,154200
mispastelitos_,8600000
nathypeluso,5000000
dyaahh19,6700000
qpark,29800000
bluefacebleedem,8800000
gilmhercroes,35000000
marisol.viola,815400
spider_slack,30000000
attahalilintar,9400000
alongcameabby,3300000
foodtimecali,3500000
livvy,4800000
ingratax,14100000
meredithduxbury,14800000
r___.89,2900000
seungbin030708,4400000
herranwalt,4900000
jaccleexs,3800000
justthenobodys,6700000
hallebailey,712900
jamal.jamael,2500000
abrunalouise,4400000
williwhey,7500000
briggi_bozzo,20000000
pablitocastilloo,4000000
emilyfauver,3000000
polinka_girla,4300000
discord,2900000
camilo,27300000
dadansapta_irwn,1300000
mikasalamanca,9700000
benoit_chevalier,8000000
soyalexquiroz0,4900000
panarinkaa,7000000
esperansagrasia,1600000
kopke613,3500000
leirbag____,1400000
marianne.la.mesera,2800000
shawnmendes,8400000
gavrilinaa,15800000
alitaalvarez5,7900
pipepunkoficial,991200
benkielesinski,2600000
heymynamesluna,4300000
_canalf,1800000
andy.and.michelle,2700000
mydaddysteve,635100
savv.labrant,29200000
pekruuu,1500000
lagaitagaitan,4700000
ayaatanjali_,5600000
jeromepolin98,3900000
hmzahbate,3300000
vzelivx,731300
noordabashh,7900000
padre_patrick,2200000
tiahranelson,3700000
keshi,684100
nickandcarrie,5000000
vivi,9800000
fiersabesari,1500000
royroy1228,59700
saesiii,4400000
lilyachty,7800000
brodywellmaker,18400000
dontstopmeowing,8800000
gevids,10200000
fahmi.nm,7000000
buithanhtuyen2003,1600000
semiraminta,11100000
nufc,791600
fortnitekanal.exe,1100000
yizaroff,3500000
zdotss,801600
baldybrobryzxz,10100000
ererervin,77600
mexicocookingclub,10100000
theawesomelawsons,2700000
hansdowel,4099999.9999999995
jayandsharon,1900000
that_vs_them,1300000
miichaelltran,6000000
pedrolzc,367000
daisykeech,6600000
julesleblanc,18600000
samplertimes,1500000
kasurita_millonario,3000000
itskingchris,15000000
khaicakhia99,3500000
janeydm,14000000
danielthrasher,1600000
leohwan,1100000
milligram96,1300000
jordanemel,8100000
michaeloftiktok,730200
erfaina88,676800
thehypehouse,19800000
brunoberti,8700000
thedumbcatshow,1400000
sahponcio,1300000
jamesneese2,2000000
genshin_impact_ru,1400000
saydenseay,3200000
caraos,4000000
bessan_esmail,9800000
_catben_,8700000
footballszone,372600
john_malecki,286700
keemokazi,24300000
cookingwithlynja,8900000
luisasonza,13000000
joe.bartolozzi,17200000
mrjrs2,6700000
giovannidasrimass,6500000
laurensulli,83400
anxietycouple,10300000
dilaraaduman,1500000
jo1_gotothetop,320400
rad.miru,8400000
spicyycam_,17700000
4q2y,852100
xibibrothers,7100000
in_the_nic_of_time,5200000
snarkymarky,4600000
mikeyyk88,176900
leftistjayce,33600
yousefmousa.1,380900
ryanhdlombard,7600000
hoaminzy_hoadambut,3800000
orange_egypt,390400
meosimmyyt,3500000
incorrectlyroce,4200000
danissntss,182300
yarenalaca,5400000
galkina_anechka,2900000
noted99,21300
domi.nate,936800
miuka.povs,2000000
zodiac.boyfriend,1400000
kaelimaee,7900000
fabiola.baglieri,11200000
tasyakamilaofficial,368500
vibez..07,363800
danisoomin,7600000
preston,8900000
xoteam,28200000
luvanthony,10900000
mishayoung,3600000
king_misr,1200000
dasigantung,4700000
shehabeldin100,6200000
clearconfused,284900
virtualontop.mc,130600
cassholland,1200000
traphousesports,1700000
adhityappeo,3800000
300_rt,416200
palmertrolls,2400000
revxte,252000
itsniane,1600000
_goodvibespositive_,2100000
saniur_muhamad,836700
unique.planet,5400000
jaydafnwayda,3000000
kerri_okie,2600000
indrakenz,5300000
miadio,4600000
ajgreene15,2700000
leanemarts,3300000
jumpersjump,6000000
truenorthoutdoors,781700
gregisms,2100000
just_dt,8900000
katiavlogss,13500000
how.kev.eats,1400000
flashygman,775600
tonylopez,23100000
christiantye,2700000
itsjojosiwa,40400000
dobretwins,34700000
devonrodriguezart,23300000
stoveraymond,1900000
victormelo,18200000
thestradman,3000000
sofie.hagen,100300
olivertree,12300000
shoesswap,538300
omervarolresmi,213500
giangiu88,2400000
pietro_morello,2000000
shenseea,2200000
iloveyourmomscatt,8200
duvanjimenez,574500
cardi_videos,1800000
dariusdobre,7000000
lilyxgarcia,8199999.999999999
rodrigoomarques,1200000
yourrkayesss,4600000
flickerspark_,909400
alexailacad_,1800000
vietphuongthoa98,9500000
bipbrome,4300
angelac0123,2000000
bussdownbusboy,14300
westbrouck,8199999.999999999
adadieee,422500
huba333,8300000.000000001
thegoodliars,1300000
outtpig,1400000
dictionarei,1800000
poki,6300000
abrahahamflorestw,2300000
cznburak,56000000
jennypopach,6100000
galandjosh,2500000
anna..paull,1800000
qonitcah,588000
juanchimy,2500000
vidi.aldiano,632300
giathilinh,1700000
soupytime,5000000
me_viki,209200
salt_hank,1800000
riumbau,2000000
akngbutaj,467100
hellmoona,423500
sammijefcoate_,1500000
joshcullens,632100
auditydraws,13400000
yun_bao,6600000
santosrafaelblog,15500000
kiocyrrr,9100000
haositofficial,940100
songsforlittles,413900
annupton.art,147700
deiveleonardooficial,5300000
ygordelano,168000
sole.resell,1700000
viajedeamor,257700
jadepicon,5800000
deshawnharrisss,2100000
luisitocomunica,13700000
anuwattiktok,3200000
mastercorbuzier,1500000
philipdefranco,656200
v1ctoryuh3.0,1500000
brigancosplay,690200
gavinmagnus,5000000
lilireinhart,4099999.9999999995
jakeandrich,9800000
_inireva,9400
graysworld,4300000
tyt_pp,686700
vohr,5200000
jauncydev,1200000
rebecalemoss,1900000
riwww,13500000
cciinnn,4500000
b_6x,685200
juliano,6000000
anitta,14000000
daleyzabeauty,1900000
carew_ellington,5900000
paupelaez_,3900000
moldogaa,558500
mr.sexyguy,3300000
wayeelkaboy10,465300
dersiimx,2100000
natalyaericka,592900
mikhail_litvin,8000000
moontellthat,12400000
waleedalassal,135400
yacine_kentache,631500
nilocreyes,343500
thaotaotau,4900000
linatejeiro8,3800000
ariwibxwx,1400000
lea_navvab,2200000
kittygod_cn,5200000
morganpresleyxo,5000000
xlilsoup,1700000
ignaciaa_antonia,26800000
tuckot,2000000
weirdryanstuff,1200000
imanthonyvargas,6400000
homm9k,37100000
sjbleau,11700000
caioceu,5900000
amberromeike,2700000
leozinn.077,4400000
namyulenka,5700000
pr4nce,1800000
rebeccazamolo,16600000.000000002
slickbartender,9500000
lilnasx,27200000
cristorata7,991900
ruroc,1100000
rayanfahmi,3100000
marianamiamorch,12200000
aylin.criss,16200000
aichangemoy_,5900000
carolinarinconf,3800000
taetoowavy,6800000
corvii_ff,10300000
nilskue,7000000
jidion,2900000
erictro,1300000
the.drone.guy,1300000
isareche,187900
freeritzyralph,850700
tsezy,4800000
madsteaparty,2800000
kotachumu,3400000
venao2323,3700000
sebastiancomedy,442800
storyfilmz,75200
itstalasafwan,3500000
theacefamily,6100000
brotherofcolor,10300000
ysahcabrejas_,1000000
tasiaalexis,3400000
yskaela,9100000
ifdhalr.a,10300000
ramonvitor,1100000
thelondoncharles,5300000
abdullah_eltourky,6300000
midnightmood_oficial,12700000
maminena0,3300000
mercuri_88,17700000
pizza_kjj,978600
vlad.hoshin,9900000
dannygrubs,2400000
garett__nolan,12300000
laserluca,3000000
austinandlexi,2800000
undos,5900000
treynkennedy,3000000
daniela_giraldo1,17700000
emirelidemir0,874200
duncanyounot,4200000
jennifer_aplicano,747200
minhnghia13522,2400000
lil_stace,5200000
nicoletv,9900000
carloandsarah,3000000
suaraibra,383400
johaanzu,3400000
lifeofharrison,2700000
joerauth_,4400000
charlizeruth,1900000
dilanjaniyar_2,2000000
itssissysheridan,6300000
leleburnier,1100000
sofiadelmonstro,5200000
jena,10500000
christiandaloii_,2700000
davidgetial,13200000
