Username,Suscribers
tseries,"249,500,000"
MrBeast,"183,500,000"
CoComelon,"165,500,000"
SETIndia,"162,600,000"
KidsDianaShow,"113,500,000"
PewDiePie,"111,500,000"
LikeNastyaofficial,"107,500,000"
VladandNiki,"101,400,000"
zeemusiccompany,"99,700,000"
WWE,"97,200,000"
BLACKPINK,"91,300,000"
GoldminesTelefilms,"89,700,000"
SonySAB,"85,400,000"
5MinuteCraftsYouTube,"80,300,000"
BTS,"76,500,000"
HYBELABELS,"72,700,000"
zeetv,"72,500,000"
Pinkfong,"69,600,000"
ChuChuTV,"67,500,000"
KondZilla,"66,600,000"
colorstv,"66,600,000"
filmigaane,"66,400,000"
TSeriesBhaktiSagar,"62,600,000"
tipsofficial,"60,900,000"
MOVIECLIPS,"59,900,000"
ElReinoInfantil,"59,700,000"
dudeperfect,"59,700,000"
aajtak,"58,900,000"
WaveMusicIndia,"58,700,000"
SonyMusicIndia,"57,900,000"
marshmello,"56,700,000"
yrf,"55,700,000"
infobellshindirhymes,"55,700,000"
LooLooKids,"54,800,000"
TaylorSwift,"54,100,000"
EdSheeran,"53,700,000"
BillionSurpriseToys,"53,100,000"
ArianaGrande,"52,900,000"
shemaroo,"48,800,000"
JuegaGerman,"48,600,000"
BillieEilish,"48,600,000"
getmovies,"48,100,000"
sonymusicindiaVEVO,"47,500,000"
A4a4a4a4,"47,300,000"
badabunOficial,"47,000,000"
Fernanfloo,"46,500,000"
BadBunnyPR,"46,500,000"
HarPalGeoOfficial,"46,400,000"
vootkids,"46,000,000"
ARYDigitalasia,"45,900,000"
felipeneto,"45,600,000"
abscbnentertainment,"45,000,000"
vcsabiavideos,"45,000,000"
BRIGHTSIDEOFFICIAL,"44,600,000"
KatyPerry,"44,400,000"
Shakira,"44,400,000"
whindersson,"44,400,000"
MashaBearRUSSIAN,"44,200,000"
Alanwalkermusic,"44,000,000"
MashaBearEN,"43,700,000"
HolaSoyGerman,"43,600,000"
Mikecrack,"43,400,000"
toysandcolors,"42,900,000"
speedrecords,"42,900,000"
LikeNastya_Show,"42,500,000"
KimberlyLoaiza,"42,100,000"
IshtarMusic,"42,100,000"
luisitocomunica,"41,100,000"
LittleBabyBum,"41,000,000"
shfa2,"40,600,000"
CarryMinati,"40,300,000"
luccastoon,"40,100,000"
SuperSimpleSongs,"39,900,000"
JessNoLimit,"39,600,000"
xxxtentacion,"39,500,000"
SonyPAL,"39,500,000"
WorkpointOfficial,"39,400,000"
gr6explode,"39,300,000"
TEDx,"39,100,000"
GaaneSuneAnsune,"39,100,000"
shfa-1,"39,100,000"
vladvaniki1,"38,700,000"
TheEllenShow,"38,300,000"
DaddyYankee,"38,300,000"
LikeNastya_ESP,"38,100,000"
one31official,"38,100,000"
ABPNEWS,"38,100,000"
MariaClaraeJP,"37,700,000"
YouTube,"37,500,000"
PowerKidstv,"37,400,000"
Jkk_Entertainment,"37,300,000"
UltraBollywood,"37,300,000"
SaregamaMusic,"37,000,000"
RicisOfficial1795,"36,900,000"
beterbocuk,"36,800,000"
IndiaTV,"36,700,000"
LaGranjaDeZenon,"36,600,000"
tseriesoldisgold,"36,500,000"
Ozuna,"36,300,000"
TotalGaming093,"36,300,000"
GenevievesPlayhouse,"35,700,000"
TechnoGamerzOfficial,"35,600,000"
RyansWorld,"35,500,000"
markiplier,"35,500,000"
tseriesapnapunjab,"35,000,000"
JingleToons,"35,000,000"
thedonato,"34,700,000"
YOLOAVENTURAS,"34,600,000"
GeetMP3,"34,500,000"
Rajshri,"34,200,000"
starplus,"34,200,000"
jbalvin,"34,200,000"
SSSniperWolf,"34,200,000"
Ch3Thailand,"34,000,000"
vegetta777,"34,000,000"
NoCopyrightSounds,"33,600,000"
KHANDESHIMOVIES,"33,600,000"
babybus,"33,300,000"
DisneyMusicVEVO,"33,200,000"
KarolG,"33,000,000"
WowKidz1,"33,000,000"
PANDABOI,"33,000,000"
erosentertainment,"33,000,000"
gmanetwork,"32,900,000"
LucasandMarcus,"32,800,000"
AboFlah,"32,700,000"
MRINDIANHACKER,"32,600,000"
FrostDiamond,"32,600,000"
MrBean,"32,400,000"
WorldwideRecordsBhojpuri,"32,200,000"
rezendeevil,"32,200,000"
SMTOWN,"32,200,000"
PeppaPigOfficial,"32,200,000"
zeenews,"32,100,000"
fedevigevani,"32,000,000"
dream,"31,900,000"
GENIALBrightSideSpanish,"31,800,000"
luisfonsi,"31,600,000"
zhong,"31,400,000"
MrBeast2,"31,300,000"
fallontonight,"31,200,000"
dianaandromaesp331,"31,100,000"
ShortsBreak_Official,"31,000,000"
ImagineDragons,"31,000,000"
vladnikihindi,"30,900,000"
AttaHalilintar,"30,600,000"
enaldinho,"30,600,000"
toyoraljanahtv,"30,600,000"
jacksepticeye,"30,400,000"
TrapNation,"30,400,000"
LittleAngel,"30,400,000"
TalkingTom,"30,400,000"
spinninrecords,"30,200,000"
HUMTV,"30,200,000"
Dushyant_kukreja,"30,000,000"
KLBROBijuRithvik1,"29,900,000"
DaFuqBoom,"29,800,000"
ultrarecords,"29,800,000"
zamzamelectronicstradingllc,"29,700,000"
AlanChikinChow,"29,700,000"
infobellstamilrhymes,"29,500,000"
Maluma_Official,"29,400,000"
infobellstelugurhymes,"29,400,000"
adityamovies,"29,400,000"
MashaOso,"29,300,000"
shemaroomovies,"29,200,000"
gulshankalra07,"29,200,000"
junya1gou,"29,000,000"
adityamusic,"28,800,000"
MichaelJackson,"28,800,000"
GoldminesDishoom,"28,700,000"
DrakeOfficial,"28,400,000"
KidsRomaShow,"28,200,000"
toycantando,"28,100,000"
SandeepSeminars,"28,000,000"
LankyBox,"28,000,000"
bouncepatrol,"27,900,000"
JYPEntertainment,"27,800,000"
nickjr,"27,800,000"
CrazyXYZ,"27,800,000"
DanTDM,"27,800,000"
wizkhalifa,"27,800,000"
brentrivera,"27,600,000"
NichLmao,"27,500,000"
GoldminesBollywood,"27,300,000"
renatongarcia,"27,200,000"
toypudding,"27,100,000"
dbillions,"27,100,000"
Netflix,"27,000,000"
RaffyTulfoInAction,"26,800,000"
enchufetv,"26,800,000"
mujjuu___14,"26,800,000"
indosiar,"26,700,000"
SpiderSlack,"26,600,000"
worldstarhiphop,"26,600,000"
smosh,"26,300,000"
1MILLION_Dance,"26,300,000"
dianaandromahin8102,"26,200,000"
nickiminaj,"26,100,000"
mariliamendoncareal,"26,100,000"
TheLallantop,"26,000,000"
AGT,"25,900,000"
davidguetta,"25,900,000"
ThatLittlePuff,"25,900,000"
postmalone,"25,900,000"
VanossGaming,"25,900,000"
DanielLaBelle,"25,900,000"
abp_live,"25,800,000"
LosPolinesios,"25,700,000"
AlejoIgoa,"25,700,000"
ZHCYT,"25,700,000"
RansEntertainment,"25,700,000"
wbkids,"25,700,000"
coldplay,"25,500,000"
ChrisBrownTV,"25,500,000"
MarkRober,"25,500,000"
danrhodes,"25,500,000"
TRANS7Official,"25,400,000"
WatchMojo,"25,100,000"
LeoNataFamily,"25,000,000"
kidstv,"25,000,000"
PenMovies,"25,000,000"
ChloeTing,"24,900,000"
PrestonYT,"24,900,000"
topperguild,"24,900,000"
akshaynagwadiya,"24,900,000"
Yuya,"24,800,000"
likenastyaae,"24,800,000"
unknownboyvarun,"24,700,000"
TsurikiShow,"24,700,000"
1theK,"24,700,000"
DianaRomaARA,"24,600,000"
shfashowindia,"24,600,000"
kidschannelindia,"24,400,000"
goldmineshindi,"24,400,000"
Venus_Movies,"24,400,000"
netdmuzik,"24,400,000"
TheElenaYa,"24,400,000"
rug,"24,300,000"
kimpro828,"24,300,000"
suntv,"24,300,000"
DJSnake,"24,300,000"
alanbecker,"24,300,000"
MayaAndMary,"24,100,000"
sagawa,"24,100,000"
juandediospantojaa,"24,000,000"
EnriqueIglesias,"23,900,000"
JamesCharles,"23,900,000"
MrMaxLife,"23,900,000"
TroomTroom,"23,900,000"
PeppaPigEspanolLatinoOficial,"23,800,000"
misskaty1133,"23,700,000"
Ninja,"23,700,000"
NickyJamTV,"23,700,000"
Azhan5star,"23,600,000"
ishaanali11,"23,500,000"
ValentinaPontesofc,"23,500,000"
Jelly,"23,500,000"
toyorbabytv,"23,500,000"
SesameStreet,"23,400,000"
TED,"23,400,000"
GMMGrammy,"23,400,000"
WaveMusicBhojpuri,"23,400,000"
TuzelityOfficial,"23,300,000"
whitehillmusic,"23,300,000"
VaniaManiaKids,"23,300,000"
TechnicalGuruji,"23,300,000"
CuteAnimalsTV.,"23,200,000"
BabyBusES,"23,200,000"
DrossRotzank,"23,100,000"
capitanyolotroll,"23,100,000"
LikeNastya_PRT,"23,000,000"
ZachChoi,"23,000,000"
GoldminesCineplex,"23,000,000"
DangalTVChannel,"23,000,000"
AmiRodrigueZZ,"22,900,000"
Yoeslan,"22,900,000"
sia,"22,900,000"
vladandnikiarab2,"22,800,000"
invictorgs3,"22,800,000"
Kidibli,"22,800,000"
StokesTwins,"22,700,000"
vladandnikispain,"22,700,000"
mmoshaya,"22,700,000"
SSundee,"22,700,000"
souravjoshivlogs7028,"22,700,000"
THECHAINSMOKERS,"22,700,000"
ZachKing,"22,600,000"
BenAzelart,"22,500,000"
DUDUeCAROL,"22,500,000"
fgteev,"22,500,000"
VillageCookingChannel,"22,500,000"
dednahype,"22,400,000"
disneyla,"22,400,000"
smilefamily363,"22,400,000"
NetflixIndiaOfficial,"22,300,000"
BeatboxJCOP,"22,300,000"
LIVCrime,"22,300,000"
rotanamusic,"22,300,000"
RAFAELUIZOFICIAL,"22,100,000"
NatGeo,"22,100,000"
williesalim,"21,900,000"
SMOL_official,"21,900,000"
alfredolarin,"21,900,000"
TlnovelasOficial,"21,900,000"
royaltyfam,"21,900,000"
EvaBravoPlay,"21,800,000"
infinite,"21,700,000"
MartaAndRustam,"21,700,000"
khangsresearchcentre1685,"21,700,000"
gmapublicaffairs,"21,700,000"
vladandnikidn,"21,700,000"
beckyg,"21,500,000"
Priyal_Kukreja,"21,500,000"
BaimPaula,"21,300,000"
BraveWilderness,"21,100,000"
buzzfeedtasty,"21,100,000"
fatosdesconhecidos,"21,100,000"
lyricalemonade,"21,100,000"
MrVivekBindra,"21,100,000"
VijayTelevision,"21,100,000"
kurzgesagt,"21,100,000"
romeo,"21,100,000"
corbuzier,"21,000,000"
NBA,"20,900,000"
JasonDerulo,"20,800,000"
KiddiestvHindi,"20,800,000"
avicii,"20,700,000"
5MinuteCraftsDIY,"20,700,000"
NinjaKidz,"20,700,000"
7clouds,"20,700,000"
LinkinPark,"20,700,000"
Mnet,"20,700,000"
BabyBusID,"20,600,000"
Genevieve's Playhouse,"20,600,000"
JoseComilaoTotoy,"20,600,000"
jakepaul,"20,500,000"
somoynews360,"20,500,000"
SlivkiShow,"20,500,000"
Miawaug,"20,500,000"
EmiwayBantai,"20,500,000"
PragatiVermaaShorts,"20,500,000"
Cookieswirlc,"20,500,000"
gottalentglobal,"20,400,000"
triggeredinsaan,"20,400,000"
SonyAATH,"20,400,000"
IShowSpeed,"20,300,000"
RobinHoodGamer1,"20,300,000"
5MinuteCraftsPLAY,"20,300,000"
marvel,"20,300,000"
rkddigital,"20,200,000"
greengoldtv,"20,100,000"
gordonramsay,"20,100,000"
BuzzFeedVideo,"20,100,000"
unboxtherapy,"20,100,000"
gusttavolimaoficial,"20,100,000"
AuthenticGames,"20,100,000"
bobbyprankster,"20,100,000"
pencilmation,"20,100,000"
PinkPanther,"20,100,000"
ASGamingsahil,"20,100,000"
React,"20,100,000"
PTXofficial,"20,100,000"
VEVO,"20,100,000"
goldminesgreatindiancomedy2048,"20,000,000"
BGT,"19,900,000"
sctv_,"19,900,000"
ClashOfClans,"19,900,000"
HaerteTest,"19,900,000"
Vsauce,"19,900,000"
TroomTroom_Es,"19,800,000"
etvteluguindia,"19,800,000"
tabii.urdu,"19,800,000"
fifa,"19,700,000"
CraftyPanda,"19,700,000"
DLSNews,"19,700,000"
WowKidzAction,"19,600,000"
JakeFellman,"19,500,000"
Slick_Slime_Sam_Spanish,"19,500,000"
Sidemen,"19,500,000"
Mashaurso,"19,500,000"
heidizidane9861,"19,400,000"
busyfunltd9692,"19,300,000"
sonotek,"19,300,000"
ArabGamesNetwork,"19,300,000"
officialajaysharma07,"19,300,000"
kbsworldtv,"19,300,000"
theodd1sout,"19,200,000"
degoboom,"19,200,000"
turmadamonica,"19,100,000"
CalvinHarris,"19,100,000"
howridiculous,"19,100,000"
Мирошка ТВ,"19,100,000"
MrDegreeOfficial,"19,100,000"
jaanvipatel,"19,100,000"
Познаватель,"19,100,000"
shemaroobollywoodcomedy,"19,100,000"
TEDEd,"19,100,000"
HiBestMan,"19,100,000"
cardib,"19,100,000"
smilefamilyspanish1463,"19,000,000"
LittleAngelEspanol,"19,000,000"
BayashiTV_,"19,000,000"
DharMann,"19,000,000"
deepesh_zo,"18,900,000"
grammygoldofficial,"18,800,000"
IanLucasOficial,"18,800,000"
alia,"18,800,000"
ArianaGrandeVevo,"18,700,000"
MrMarmok,"18,600,000"
LikeNastya_Vlog,"18,600,000"
elcanaldePlimPlim,"18,600,000"
MileyCyrus,"18,600,000"
andtvchannel,"18,600,000"
Blippi,"18,600,000"
rsiammusic,"18,600,000"
DanielSaboya,"18,600,000"
PandaShorts,"18,500,000"
news18India,"18,500,000"
NaisaAlifiaYurizaNAY,"18,400,000"
thewillyrex,"18,400,000"
MSA.official,"18,400,000"
GoodMythicalMorning,"18,400,000"
SonyMusicSouthVEVO,"18,400,000"
Squeezie,"18,400,000"
DannyFitt,"18,300,000"
korayzeynep,"18,200,000"
GENHALILINTAR,"18,200,000"
INCRIVEL_PT,"18,200,000"
Apple,"18,200,000"
LuisFonsiVEVO,"18,200,000"
manualdomundo,"18,200,000"
KatieAngelTV_,"18,200,000"
LikeNastya_VNM,"18,200,000"
SebastianYatra,"18,200,000"
TaarakMehtaKaOoltahChashmah,"18,200,000"
Aphmau,"18,000,000"
TheGrefg,"18,000,000"
RobleisIUTU,"18,000,000"
lescopaque,"18,000,000"
tanboykun,"18,000,000"
BispoBrunoLeonardo,"18,000,000"
News24thinkfirst,"18,000,000"
ZuniandFamilyofficial,"18,000,000"
YounesZarou,"18,000,000"
FunForKidsTVHindiRhymes,"18,000,000"
demilovato,"18,000,000"
AMARINTVHD,"18,000,000"
GameTheory,"18,000,000"
Narendra Modi,"17,900,000"
Jane_asmr,"17,800,000"
portadosfundos,"17,800,000"
zbingz,"17,800,000"
mgcplayhouse,"17,800,000"
pawansahu777,"17,800,000"
thexoteam,"17,800,000"
Lil Pump,"17,800,000"
IGN,"17,700,000"
salmannomanofficial,"17,700,000"
FactTechz,"17,600,000"
jasonvlogslife,"17,600,000"
PrimeVideoIN,"17,600,000"
JFlaMusic,"17,600,000"
musicalrmastv1,"17,600,000"
mkbhd,"17,600,000"
RepublicTVBharat,"17,600,000"
zappytoons,"17,500,000"
ElReinoAJugar,"17,500,000"
HowToBasic,"17,400,000"
stubbornfacts,"17,400,000"
TheBrianMaps,"17,400,000"
anitta,"17,400,000"
jordanmatter,"17,400,000"
TRANSTVofficial,"17,300,000"
JohnyFamilyShow,"17,300,000"
popchartbusters,"17,200,000"
Willyrex,"17,200,000"
Queen,"17,200,000"
issei0806,"17,200,000"
Filaretiki,"17,200,000"
AayuandPihuShow,"17,000,000"
SriBalajiMovies,"17,000,000"
PrajapatiNews,"17,000,000"
LikeNastya_IDN,"17,000,000"
VICE,"17,000,000"
GatoGalactico,"17,000,000"
LahariMusicIndia,"17,000,000"
nomanofficial786,"17,000,000"
BBCHindi,"17,000,000"
GuavaJuice,"17,000,000"
withkids2063,"16,900,000"
BeastPhilanthropy,"16,900,000"
BollywoodClassics,"16,900,000"
DesiMelodies,"16,800,000"
IvanaAlawi,"16,800,000"
NMFNews,"16,800,000"
DeToxoMoroxo-Oficial,"16,800,000"
ufc,"16,800,000"
gmmtv,"16,800,000"
SagarKalraShorts,"16,800,000"
disneyjunior,"16,800,000"
TuCOSMOPOLIS,"16,800,000"
Chapitosiki,"16,800,000"
thairathonline,"16,700,000"
viralhog,"16,700,000"
failarmy,"16,700,000"
IDEASEN5MINUTOSoficial,"16,700,000"
FunFunMiniWorld,"16,700,000"
ch7hd,"16,600,000"
DailyDoseOfInternet,"16,600,000"
KaykaiSalaiderChannel,"16,600,000"
LEGO,"16,600,000"
RCTILAYARDRAMAINDONESIA,"16,600,000"
tarik_alhalapi,"16,500,000"
SandraCiresArt,"16,500,000"
Pitbull,"16,500,000"
boyceavenue,"16,500,000"
LaRosaDeGuadalupeOf,"16,500,000"
samsmith,"16,500,000"
Lyna,"16,400,000"
Mrwhosetheboss,"16,400,000"
Infobellsbengalirhymes,"16,400,000"
GLENTYOUTUBE,"16,400,000"
T3ddy,"16,400,000"
FitDanceTV,"16,400,000"
jjolatunji,"16,400,000"
mattstonie,"16,400,000"
TWICE,"16,400,000"
rubentuestaoficial,"16,400,000"
Unspeakable,"16,400,000"
vladandnikiarab,"16,300,000"
ADME_RU,"16,300,000"
DearSir,"16,300,000"
JoseComelonEspanol,"16,300,000"
NasyaOfficial,"16,200,000"
antrax,"16,200,000"
kidsplay,"16,200,000"
DylandPROS,"16,200,000"
TV9Bharatvarsh,"16,200,000"
mkmusic,"16,100,000"
MoreAliA,"16,100,000"
MYFAMILYComedy,"16,100,000"
camilo,"16,000,000"
Arifmuhammadd,"16,000,000"
SonyLIV,"16,000,000"
wifistudy,"16,000,000"
katakit_baby,"16,000,000"
MazhavilManorama,"16,000,000"
JulianaBaltar,"16,000,000"
KarlaBustillos,"16,000,000"
kuplinovplay,"16,000,000"
VolgaVideo,"16,000,000"
DopeLyrics,"16,000,000"
hamaarbhojpuri,"16,000,000"
yudistardhana,"16,000,000"
MashaBearARAB,"15,900,000"
ChetanMongaVlogs,"15,900,000"
TeamFilmsBhojpuri,"15,900,000"
KashviAdlakha,"15,900,000"
BlippiEspanol,"15,900,000"
pinkshirtcouple,"15,800,000"
ColorsRishtey1,"15,800,000"
RottenTomatoesTRAILERS,"15,800,000"
FCBarcelona,"15,800,000"
5MCArabic,"15,800,000"
5MinuteCraftsFAMILY,"15,800,000"
TheMriDul,"15,700,000"
TalkingFriends,"15,700,000"
SonyMusicSouth,"15,600,000"
zutigang,"15,600,000"
HenriqueeJuliano,"15,600,000"
FFUNTV,"15,600,000"
CNN,"15,600,000"
MobileLegends5v5MOBA,"15,600,000"
Zayn,"15,600,000"
genierock,"15,600,000"
TheHarshBeniwal,"15,600,000"
joerogan,"15,600,000"
SRKMUSIC,"15,600,000"
EliKids,"15,600,000"
Senya_Super,"15,500,000"
ShriPrashant,"15,500,000"
A2Motivation,"15,500,000"
LOKESHGAMER,"15,400,000"
Kerajinan5-Menit,"15,400,000"
romanatwoodvlogs,"15,400,000"
LinusTechTips,"15,400,000"
DaveAndAva,"15,400,000"
kompastv,"15,400,000"
_vector_,"15,400,000"
THE_BROWN_SIBLINGS,"15,400,000"
Jesser,"15,400,000"
RayWilliamJohnson,"15,400,000"
GoAmiGo,"15,400,000"
nianaguerrero,"15,400,000"
abscbnnews,"15,400,000"
ndtvindia,"15,400,000"
MNCTVOfficialId,"15,300,000"
OyuncakAvi-oyku,"15,300,000"
studyiqofficial,"15,200,000"
ranzkyle,"15,200,000"
MohamedRamadan,"15,200,000"
HongyuASMR,"15,200,000"
DaftarPopuler,"15,200,000"
EdisonPts,"15,200,000"
SupercarBlondie,"15,200,000"
PlayStation,"15,200,000"
Thaich8,"15,200,000"
kwebbelkop,"15,200,000"
mariale,"15,200,000"
PPMussas,"15,200,000"
Makiman131,"15,200,000"
LittleAngelBrasil,"15,100,000"
zncoficial,"15,100,000"
indorephysicalacademy.,"15,100,000"
NetflixJr,"15,100,000"
TazerCraft,"15,000,000"
PeetMontzingo,"15,000,000"
XpressTV,"15,000,000"
ABCNews,"15,000,000"
Therichest,"15,000,000"
leagueoflegends,"15,000,000"
RS1313Shorts,"15,000,000"
mispastelitos,"15,000,000"
crashcourse,"15,000,000"
5MinuteCraftsRecycle,"15,000,000"
itowngameplay,"15,000,000"
TroomTroomRu,"15,000,000"
jorgeemateus,"14,900,000"
cure0721,"14,900,000"
iamneetubisht,"14,900,000"
SusyMouriz,"14,900,000"
MattyBRaps,"14,900,000"
OReinoInfantil,"14,900,000"
AadishaktiFilms,"14,900,000"
GyanGaming,"14,800,000"
fueledbyramen,"14,800,000"
camilaloures,"14,800,000"
sevengersofficial,"14,800,000"
MeghanTrainor,"14,800,000"
theslowmoguys,"14,800,000"
majorlazer,"14,800,000"
lachlan,"14,800,000"
MalumaVEVO,"14,800,000"
chadwildclay,"14,800,000"
auron,"14,800,000"
E_MasterSensei,"14,800,000"
MartinGarrix,"14,800,000"
facts806,"14,800,000"
collegehumor,"14,800,000"
BBCNews,"14,800,000"
DocTops,"14,800,000"
PrestonPlayz,"14,800,000"
vladandnikiport,"14,700,000"
TheVishalbhatt,"14,700,000"
nostalgia,"14,700,000"
DentalDigest,"14,700,000"
zeebangla,"14,700,000"
cokestudio,"14,700,000"
LikeNastya_Stories,"14,700,000"
user-ts8yv9np7m,"14,700,000"
infobellskannadarhymes,"14,700,000"
ZEE5,"14,700,000"
rebeccazamolo,"14,600,000"
ZigandSharko,"14,600,000"
VijayKumarVinerVlogs,"14,600,000"
GMM25Thailand,"14,600,000"
Telemundo,"14,600,000"
TheDodo,"14,600,000"
NatanporAi,"14,600,000"
IDEIASINCRIVEIS,"14,600,000"
boramtubetoysreview9575,"14,600,000"
legendaefunk,"14,600,000"
woodyandkleiny,"14,600,000"
NobruTV,"14,600,000"
reactiontime,"14,600,000"
TommyInnit,"14,600,000"
LillySingh,"14,600,000"
lesboystv,"14,500,000"
GH.S,"14,500,000"
IanBoggs,"14,500,000"
Drawblogs,"14,400,000"
RosannaPansino,"14,400,000"
LuliPampin,"14,400,000"
CrescendocomLuluca,"14,400,000"
AlexaRivera,"14,400,000"
dangmattsmith,"14,400,000"
WishFM1075official,"14,400,000"
BobonSantoso,"14,400,000"
nikkietutorials,"14,400,000"
Compot,"14,400,000"
vladandnikirus,"14,300,000"
JamunaTVbd,"14,300,000"
zeetvtelugu,"14,300,000"
seungbini67,"14,300,000"
boxtoxtv,"14,300,000"
ETVJabardasth,"14,300,000"
Jazzghost,"14,200,000"
BieTheSka,"14,200,000"
airrack,"14,200,000"
inventonahora,"14,200,000"
TheSocialFactory,"14,200,000"
nehakakkar,"14,200,000"
SuperPolina,"14,200,000"
ComePlayWithMe,"14,200,000"
veritasium,"14,200,000"
SanjoyDasOfficial,"14,200,000"
karameeshchannel,"14,200,000"
AM3NlC,"14,200,000"
huba3,"14,200,000"
DEVKeFacts,"14,200,000"
ATRO55,"14,200,000"
Narobeauty,"14,200,000"
trapcity,"14,200,000"
refugiomental6032,"14,200,000"
vilmei,"14,200,000"
TVAnaEmilia,"14,200,000"
thinkmusicofficial,"14,200,000"
tseriesregional,"14,200,000"
MasterskayaNastroeny,"14,100,000"
theHacksmith,"14,100,000"
StrayKids,"14,100,000"
kidstvindia,"14,100,000"
vladynikishow,"14,100,000"
RaptorGamer,"14,000,000"
geonews,"14,000,000"
OQueNaoDizerOficial,"14,000,000"
atlanticrecords,"14,000,000"
Acenix,"14,000,000"
Infobellsrhymes,"14,000,000"
GoldminesPremiere,"14,000,000"
DesiGamers_,"14,000,000"
juliagisella,"14,000,000"
albert_cancook,"14,000,000"
bibotoysrus,"13,900,000"
adeletsami3286,"13,900,000"
123GOSpanish,"13,900,000"
Mythpat,"13,900,000"
MaviGadgets,"13,900,000"
wesleysafadao,"13,900,000"
BBC,"13,800,000"
nishamadhulika,"13,800,000"
AdamW,"13,800,000"
FAPTV,"13,800,000"
BigTastyAnimations,"13,800,000"
jbalvinVEVO,"13,800,000"
jomyproductionshorts,"13,800,000"
jojotvhindi,"13,800,000"
MAIKI021,"13,800,000"
penguinz0,"13,800,000"
PetsSwag,"13,800,000"
codiscos,"13,800,000"
blockbustermovies7960,"13,800,000"
ZeinabHarakeVlogs,"13,800,000"
gmanews,"13,800,000"
PlayHard,"13,800,000"
TypicalGamer,"13,800,000"
mymissanand,"13,700,000"
WanasahTV1,"13,700,000"
ladydiana11,"13,700,000"
AmaraQueLinda,"13,600,000"
BUDI01GAMING,"13,600,000"
lunomosik,"13,600,000"
KidsLineKOYA,"13,600,000"
TrakinTech,"13,600,000"
Vogue,"13,600,000"
MyMateNate,"13,600,000"
luismendez1405,"13,600,000"
awakeningrecords,"13,600,000"
TwinsFromRussiaRevega,"13,600,000"
onlinejobRk,"13,600,000"
BanderitaX,"13,600,000"
Anaysa,"13,600,000"
Painzeiro,"13,600,000"
PozziGamer,"13,600,000"
ConorMaynard,"13,600,000"
Wengie,"13,600,000"
ryan,"13,600,000"
Thegeetagurjar,"13,500,000"
sportsnationespn,"13,500,000"
itsDrRyan,"13,500,000"
MCDivertida,"13,500,000"
TechnologyGyan,"13,400,000"
MattSDance,"13,400,000"
KabitasKitchen,"13,400,000"
gags,"13,400,000"
theworldadventureshindi,"13,400,000"
SonotekBhakti,"13,400,000"
H2ODelirious,"13,400,000"
athleanx,"13,400,000"
TheInfographicsShow,"13,400,000"
theRadBrad,"13,400,000"
LofiGirl,"13,400,000"
KurtHugoSchneider,"13,400,000"
AzzyLand,"13,400,000"
BrawlStars,"13,400,000"
einerdtv,"13,400,000"
AlexGonzagaOfficial,"13,400,000"
PeppaPigPortuguesOficial,"13,300,000"
VexTrexKidsCartoon,"13,300,000"
MashaBearUkraine,"13,300,000"
DJKhaledOfficial,"13,300,000"
OficialHungria,"13,300,000"
prantoniojunior,"13,300,000"
Akon,"13,200,000"
knowledgetvhindi001,"13,200,000"
GuiGe,"13,200,000"
MARIANAMIAMORCH,"13,200,000"
NickPro,"13,200,000"
RauwAlejandroTv,"13,200,000"
LizaBaez,"13,200,000"
klara_tania,"13,200,000"
Caylus,"13,200,000"
AlArabiya,"13,200,000"
Davie504,"13,200,000"
JesseAndMike,"13,200,000"
redetv,"13,200,000"
spider-maaaaaaan,"13,100,000"
CznBurak,"13,100,000"
rupalchoudharytd,"13,100,000"
CuteWolfVideos,"13,100,000"
TopViralTalentYT,"13,000,000"
ColeAndSav,"13,000,000"
gymvirtual,"13,000,000"
DuoTiempoDeSol,"13,000,000"
KiryaKolesnikov,"13,000,000"
MoniLinaFamily,"13,000,000"
zeetamil,"13,000,000"
mariano_razo,"13,000,000"
Chustertv,"13,000,000"
francoescamilla,"13,000,000"
sulgiyang,"13,000,000"
TalkingAngela,"13,000,000"
officialjassrecords,"13,000,000"
bibotoyskor,"12,900,000"
HeidiandZidaneEsp,"12,900,000"
dianaandromaind5591,"12,900,000"
Behindwoodstv,"12,900,000"
dhruvrathee,"12,900,000"
TroomTroom_India,"12,900,000"
watchHitsHD,"12,900,000"
janesergo,"12,900,000"
RobTopGames,"12,800,000"
FreeFireIndiaOfficial,"12,800,000"
FamilyFitnessChannel,"12,800,000"
EnglishConnectionByKanchan,"12,800,000"
MrSuicideSheep,"12,800,000"
MundoBita,"12,800,000"
GustavoParodiasOficial,"12,800,000"
NANDO,"12,800,000"
elliegouldingofficial,"12,800,000"
AdexeyNau,"12,800,000"
NDTV,"12,800,000"
piuzinho,"12,800,000"
BlossomTV,"12,800,000"
ZeeKids,"12,800,000"
FlowersComedy,"12,800,000"
FirstWeFeast,"12,800,000"
Morgz,"12,800,000"
Littleglove,"12,800,000"
MoonbugKids_SingAlongWithMe,"12,700,000"
refugiomental6818,"12,700,000"
Yair17,"12,600,000"
NITINFREEFIRE,"12,600,000"
MasSKabeche,"12,600,000"
WaveMusicBhakti,"12,600,000"
TheDaniRep,"12,600,000"
parafernalha,"12,600,000"
TimbaVk,"12,600,000"
NasDaily,"12,600,000"
TroomTroom_Indonesia,"12,600,000"
casey,"12,600,000"
bharatzkitchenHINDI,"12,600,000"
jtcasey,"12,600,000"
aljazeera,"12,600,000"
WildNOut,"12,600,000"
gibby,"12,600,000"
BiperYSusAmigos,"12,600,000"
AvrilLavigne,"12,600,000"
nhstudioz,"12,600,000"
QuantumTech,"12,600,000"
DisneyChannelUK,"12,600,000"
pocoyo,"12,600,000"
TroomTroom_Pt,"12,600,000"
GoldminesActionMovies,"12,600,000"
redbull,"12,600,000"
CHHOTUKIMASTI,"12,600,000"
parislifestyle7488,"12,600,000"
DRJRecordsspecials,"12,600,000"
colinfurze,"12,600,000"
justinflom,"12,600,000"
PeopleVsFood,"12,600,000"
RachitRojha,"12,600,000"
Baby_Jenny,"12,500,000"
hzhtubekidsfun,"12,500,000"
healthtime6469,"12,500,000"
LittleBabyBumEspanol,"12,500,000"
HeroMovies2023,"12,500,000"
CalvinHarrisVEVO,"12,500,000"
FarjanaDrawingAcademy,"12,500,000"
TeremokTV,"12,500,000"
eltrece,"12,400,000"
TheKingofRandom,"12,400,000"
Vendyyaduwanshi,"12,400,000"
ArynewsTvofficial,"12,400,000"
MakeJokeOf,"12,400,000"
LOUDgg,"12,400,000"
ctctv,"12,400,000"
TalentRecap,"12,400,000"
LittleTreehouseNurseryRhymes,"12,400,000"
scottsreality,"12,400,000"
OliviaRodrigo,"12,400,000"
GrandmasterJinBodhi,"12,400,000"
IceCreamRolls,"12,400,000"
_gogo2728,"12,400,000"
FilmTheory,"12,400,000"
HISTORY,"12,400,000"
NattiNatasha,"12,400,000"
123GO_,"12,400,000"
JoojNatu,"12,400,000"
belabagunca,"12,400,000"
BlackEyedPeas,"12,400,000"
rathorvideo,"12,400,000"
InsideEdition,"12,400,000"
Panda.,"12,400,000"
NirahuaMusic,"12,300,000"
WatchMeOff,"12,300,000"
LuanSantana,"12,300,000"
JugnuKidsrhymes,"12,300,000"
MBCMASRtv,"12,200,000"
Lulu99,"12,200,000"
LipaoGamer,"12,200,000"
lilwayne,"12,200,000"
natandessie,"12,200,000"
itsxomgpop,"12,200,000"
yogawithadriene,"12,200,000"
SPDNOO1,"12,200,000"
bbcearth,"12,200,000"
telugufilmnagar,"12,200,000"
MashaBearHINDI,"12,200,000"
MUSATANVEER,"12,200,000"
brancoala,"12,200,000"
KooKooTvHindi,"12,200,000"
TWOSIDEGAMERS,"12,200,000"
flamingo,"12,200,000"
OumWalidcuisine,"12,200,000"
elrubius,"12,200,000"
Aniruddhacharyaji,"12,100,000"
SaregamaHumBhojpuri,"12,100,000"
Super_Senya_RU,"12,100,000"
HiTechIslamic,"12,100,000"
timesmusicindia,"12,100,000"
CarryisLive,"12,000,000"
AnnoyingOrange,"12,000,000"
HeeraGoldOfficial,"12,000,000"
ChainsmokersVEVO,"12,000,000"
Family-Box,"12,000,000"
linhnhishorts,"12,000,000"
dojacat,"11,900,000"
BS_Arabic,"11,900,000"
deepalimarkam1,"11,900,000"
M4Techofficial,"11,900,000"
CNCOMusic,"11,900,000"
SingleTrackStudioz,"11,900,000"
FrontaLGaming,"11,900,000"
mmdcrew,"11,900,000"
PlanetEarthINDIA,"11,900,000"
TeremokSongs,"11,900,000"
user-tt5ge5fj4i,"11,900,000"
UTKARSHCLASSES13,"11,900,000"
itsbrothersvlog,"11,900,000"
GoldminesHousefull,"11,900,000"
oggy,"11,900,000"
PeppaPigHindiOfficial,"11,900,000"
KaKaKidsTV,"11,900,000"
toysplay,"11,900,000"
NickDiGiovanni,"11,900,000"
sagahits,"11,900,000"
HikakinTV,"11,900,000"
Jackdohertyy,"11,900,000"
GarenaFreeFireLATAM,"11,900,000"
Enterr10Rangeela,"11,900,000"
KenhThieuNhiBHMedia,"11,900,000"
mussoumano,"11,900,000"
videogyan,"11,800,000"
lukedavidson81,"11,800,000"
cute.shivani.05,"11,700,000"
NFL,"11,700,000"
MykeTowers,"11,700,000"
cut,"11,700,000"
JoeHattab,"11,700,000"
BeAmazed,"11,700,000"
5MinuteCraftsLIKE,"11,700,000"
RedChilliesEntertainment,"11,700,000"
VYRLOriginals,"11,700,000"
hamzymukbang,"11,700,000"
Adaahqueen,"11,700,000"
LittleAngelIndonesia,"11,700,000"
PenMultiplex,"11,700,000"
OneindiaHindi,"11,700,000"
